"","Age","SES1","SES2","threshold","minincome","maxincome","adj_inc","INR"
"1",57,2,"$40,000 - $49,999",12486,40000,50000,45000,3.60403652090341
"2",73,2,"$60,000 - $69,999",29854,60000,70000,65000,2.17726267836806
"3",67,2,"$110,000-$119,999",16072,110000,120000,115000,7.15530114484818
"4",29,3,"$70,000 - $79,999",16072,70000,80000,75000,4.66650074664012
"5",66,1,"$10,000 - $19,999",12486,10000,20000,5000,0.400448502322601
"6",38,3,"$40,000 - $49,999",16072,40000,50000,45000,2.79990044798407
"7",62,5,"$40,000 - $49,999",12486,40000,50000,45000,3.60403652090341
"8",40,3,"$80,000 - $89,999",24755,80000,90000,85000,3.43364976772369
"9",51,1,"$10,000 - $19,999",12486,10000,20000,5000,0.400448502322601
"10",47,2,"$40,000 - $49,999",24755,40000,50000,45000,1.81781458291254
"11",54,2,"$130,000-$139,999",18774,130000,140000,135000,7.19079578139981
"12",36,3,"$30,000 - $39,999",16072,30000,40000,35000,2.17770034843206
"13",80,2,"$70,000 - $79,999",18774,70000,80000,75000,3.99488654522212
"14",25,2,"$30,000 - $39,999",24755,30000,40000,35000,1.41385578670976
"15",71,2,"$90,000 - $99,999",12486,90000,1e+05,95000,7.60852154412942
"16",30,3,"$70,000 - $79,999",12486,70000,80000,75000,6.00672753483902
"17",56,1,"$40,000 - $49,999",29854,40000,50000,45000,1.50733570040866
"18",46,4,"$70,000 - $79,999",16072,70000,80000,75000,4.66650074664012
"19",44,3,"$20,000 - $29,999",16072,20000,30000,25000,1.55550024888004
"20",77,1,"$60,000 - $69,999",18774,60000,70000,65000,3.46223500585917
"21",54,2,"$40,000 - $49,999",16072,40000,50000,45000,2.79990044798407
"22",30,4,"$70,000 - $79,999",12486,70000,80000,75000,6.00672753483902
"23",51,4,"$190,000-$199,999",12486,190000,2e+05,195000,15.6174915905815
"24",58,2,"$70,000 - $79,999",18774,70000,80000,75000,3.99488654522212
"26",78,2,"$50,000 - $59,999",29854,50000,60000,55000,1.84229918938836
"27",43,6,"$180,000-$189,999",24755,180000,190000,185000,7.47323772975157
"28",58,3,"$30,000 - $39,999",18774,30000,40000,35000,1.86428038777032
"29",47,2,"$60,000 - $69,999",24755,60000,70000,65000,2.62573217531812
"31",71,1,"$20,000 - $29,999",24755,20000,30000,25000,1.00989699050697
"32",35,5,"$20,000 - $29,999",18774,20000,30000,25000,1.33162884840737
"33",72,1,"$10,000 - $19,999",18774,10000,20000,5000,0.266325769681474
"34",70,3,"$20,000 - $29,999",16072,20000,30000,25000,1.55550024888004
"35",63,3,"$20,000 - $29,999",16072,20000,30000,25000,1.55550024888004
"36",29,2,"$60,000 - $69,999",16072,60000,70000,65000,4.0443006470881
"38",66,1,"$10,000 - $19,999",16072,10000,20000,5000,0.311100049776008
"39",69,1,"$10,000 - $19,999",18774,10000,20000,5000,0.266325769681474
"40",70,2,"$50,000 - $59,999",12486,50000,60000,55000,4.40493352554861
"41",50,2,"$90,000 - $99,999",18774,90000,1e+05,95000,5.06018962394801
"42",21,3,"$100,000 - $109,999",16072,1e+05,110000,105000,6.53310104529617
"43",70,1,"$40,000 - $49,999",18774,40000,50000,45000,2.39693192713327
"45",68,5,"$30,000 - $39,999",18774,30000,40000,35000,1.86428038777032
"46",34,4,"$200,000-$249,999",18774,2e+05,250000,225000,11.9846596356663
"47",70,2,"$30,000 - $39,999",16072,30000,40000,35000,2.17770034843206
"48",35,3,"$10,000 - $19,999",14507,10000,20000,5000,0.344661198042324
"49",27,3,"$20,000 - $29,999",18774,20000,30000,25000,1.33162884840737
"50",40,4,"$50,000 - $59,999",24755,50000,60000,55000,2.22177337911533
"51",74,2,"$140,000-$149,999",18774,140000,150000,145000,7.72344732076276
"52",43,4,"$40,000 - $49,999",16072,40000,50000,45000,2.79990044798407
"53",66,2,"$10,000 - $19,999",12486,10000,20000,5000,0.400448502322601
"54",52,4,"$40,000 - $49,999",24755,40000,50000,45000,1.81781458291254
"55",48,2,"$70,000 - $79,999",12486,70000,80000,75000,6.00672753483902
"56",30,3,"$110,000-$119,999",18774,110000,120000,115000,6.12549270267391
"57",36,2,"$30,000 - $39,999",12486,30000,40000,35000,2.80313951625821
"58",44,3,"$40,000 - $49,999",12486,40000,50000,45000,3.60403652090341
"59",33,3,"$20,000 - $29,999",12486,20000,30000,25000,2.00224251161301
"60",25,5,"$20,000 - $29,999",12486,20000,30000,25000,2.00224251161301
"61",27,3,"$40,000 - $49,999",12486,40000,50000,45000,3.60403652090341
"62",30,3,"$40,000 - $49,999",16072,40000,50000,45000,2.79990044798407
"63",26,3,"$50,000 - $59,999",16072,50000,60000,55000,3.42210054753609
"64",41,5,"$90,000 - $99,999",12486,90000,1e+05,95000,7.60852154412942
"65",46,3,"$40,000 - $49,999",24755,40000,50000,45000,1.81781458291254
"66",22,4,"$90,000 - $99,999",24755,90000,1e+05,95000,3.83760856392648
"68",33,6,"$90,000 - $99,999",16072,90000,1e+05,95000,5.91090094574415
"69",22,3,"$60,000 - $69,999",12486,60000,70000,65000,5.20583053019382
"70",33,3,"$40,000 - $49,999",12486,40000,50000,45000,3.60403652090341
"71",39,2,"$20,000 - $29,999",18774,20000,30000,25000,1.33162884840737
"72",73,2,"$40,000 - $49,999",16072,40000,50000,45000,2.79990044798407
"74",73,2,"$20,000 - $29,999",16072,20000,30000,25000,1.55550024888004
"76",34,2,"$150,000-$159,999",29854,150000,160000,155000,5.19193407918537
"77",57,3,"$170,000-$179,999",16072,170000,180000,175000,10.8885017421603
"78",33,3,"$90,000 - $99,999",24755,90000,1e+05,95000,3.83760856392648
"79",57,2,"$140,000-$149,999",18774,140000,150000,145000,7.72344732076276
"80",28,4,"$20,000 - $29,999",18774,20000,30000,25000,1.33162884840737
"81",27,1,"$90,000 - $99,999",18774,90000,1e+05,95000,5.06018962394801
"82",20,3,"$20,000 - $29,999",18774,20000,30000,25000,1.33162884840737
"84",69,2,"$80,000 - $89,999",18774,80000,90000,85000,4.52753808458506
"85",46,3,"$60,000 - $69,999",16072,60000,70000,65000,4.0443006470881
"86",36,7,"$70,000 - $79,999",12486,70000,80000,75000,6.00672753483902
"87",58,3,"$60,000 - $69,999",12486,60000,70000,65000,5.20583053019382
"88",36,5,"$90,000 - $99,999",16072,90000,1e+05,95000,5.91090094574415
"90",37,2,"$30,000 - $39,999",16072,30000,40000,35000,2.17770034843206
"91",22,2,"$50,000 - $59,999",16072,50000,60000,55000,3.42210054753609
"92",30,2,"$60,000 - $69,999",12486,60000,70000,65000,5.20583053019382
"93",39,1,"$80,000 - $89,999",18774,80000,90000,85000,4.52753808458506
"94",25,1,"$400,000-$449,999",24755,4e+05,450000,425000,17.1682488386185
"95",29,3,"$60,000 - $69,999",16072,60000,70000,65000,4.0443006470881
"96",44,4,"$10,000 - $19,999",44188,10000,20000,5000,0.113152892187924
"97",37,3,"$90,000 - $99,999",16072,90000,1e+05,95000,5.91090094574415
"98",21,3,"$50,000 - $59,999",12486,50000,60000,55000,4.40493352554861
"100",47,2,"$60,000 - $69,999",12486,60000,70000,65000,5.20583053019382
"101",35,3,"$70,000 - $79,999",12486,70000,80000,75000,6.00672753483902
"102",18,5,"$20,000 - $29,999",24755,20000,30000,25000,1.00989699050697
"103",48,2,"$120,000-$129,999",18774,120000,130000,125000,6.65814424203686
"104",38,2,"$120,000-$129,999",16072,120000,130000,125000,7.7775012444002
"105",60,1,"$60,000 - $69,999",18774,60000,70000,65000,3.46223500585917
"106",64,2,"$140,000-$149,999",24755,140000,150000,145000,5.85740254494042
"107",48,3,"$50,000 - $59,999",18774,50000,60000,55000,2.92958346649622
"108",32,3,"$20,000 - $29,999",16072,20000,30000,25000,1.55550024888004
"109",68,3,"$160,000-$169,999",18774,160000,170000,165000,8.78875039948865
"110",31,5,"$80,000 - $89,999",16072,80000,90000,85000,5.28870084619214
"111",69,1,"$60,000 - $69,999",16072,60000,70000,65000,4.0443006470881
"112",20,3,"$20,000 - $29,999",12486,20000,30000,25000,2.00224251161301
"113",41,5,"$60,000 - $69,999",16072,60000,70000,65000,4.0443006470881
"114",37,4,"$20,000 - $29,999",29854,20000,30000,25000,0.837408722449253
"115",28,2,"$50,000 - $59,999",16072,50000,60000,55000,3.42210054753609
"116",31,2,"$20,000 - $29,999",29854,20000,30000,25000,0.837408722449253
"117",39,2,"$10,000 - $19,999",16072,10000,20000,5000,0.311100049776008
"118",79,4,"$40,000 - $49,999",12486,40000,50000,45000,3.60403652090341
"119",54,3,"$50,000 - $59,999",18774,50000,60000,55000,2.92958346649622
"120",58,2,"$350,000-$399,999",18774,350000,4e+05,375000,19.9744327261106
"121",21,4,"$50,000 - $59,999",18774,50000,60000,55000,2.92958346649622
"122",32,4,"$40,000 - $49,999",16072,40000,50000,45000,2.79990044798407
"123",28,3,"$140,000-$149,999",12486,140000,150000,145000,11.6130065673554
"124",66,1,"$100,000 - $109,999",24755,1e+05,110000,105000,4.24156736012927
"125",22,3,"$40,000 - $49,999",16072,40000,50000,45000,2.79990044798407
"126",58,3,"$110,000-$119,999",18774,110000,120000,115000,6.12549270267391
"127",35,5,"$30,000 - $39,999",16072,30000,40000,35000,2.17770034843206
"128",39,4,"$70,000 - $79,999",16072,70000,80000,75000,4.66650074664012
"129",34,5,"$90,000 - $99,999",29854,90000,1e+05,95000,3.18215314530716
"130",50,1,"$40,000 - $49,999",18774,40000,50000,45000,2.39693192713327
"131",48,4,"$20,000 - $29,999",12486,20000,30000,25000,2.00224251161301
"132",43,1,"$50,000 - $59,999",18774,50000,60000,55000,2.92958346649622
"133",29,4,"$50,000 - $59,999",18774,50000,60000,55000,2.92958346649622
"134",56,1,"$40,000 - $49,999",18774,40000,50000,45000,2.39693192713327
"135",65,3,"$70,000 - $79,999",12486,70000,80000,75000,6.00672753483902
"136",45,3,"$30,000 - $39,999",24755,30000,40000,35000,1.41385578670976
"138",59,4,"$50,000 - $59,999",24755,50000,60000,55000,2.22177337911533
"140",43,4,"$80,000 - $89,999",18774,80000,90000,85000,4.52753808458506
"141",51,3,"$20,000 - $29,999",18774,20000,30000,25000,1.33162884840737
"142",61,2,"$60,000 - $69,999",12486,60000,70000,65000,5.20583053019382
"143",29,3,"$70,000 - $79,999",16072,70000,80000,75000,4.66650074664012
"144",63,2,"$30,000 - $39,999",34337,30000,40000,35000,1.01930861752628
"147",22,6,"$40,000 - $49,999",24755,40000,50000,45000,1.81781458291254
"148",35,4,"$70,000 - $79,999",24755,70000,80000,75000,3.02969097152091
"149",60,2,"$30,000 - $39,999",29854,30000,40000,35000,1.17237221142895
"150",48,2,"$30,000 - $39,999",16072,30000,40000,35000,2.17770034843206
"151",69,1,"$40,000 - $49,999",16072,40000,50000,45000,2.79990044798407
"152",55,2,"$500,000-$999,999",18774,5e+05,1e+06,750000,39.9488654522212
"153",50,1,"$50,000 - $59,999",12486,50000,60000,55000,4.40493352554861
"154",26,5,"$30,000 - $39,999",29854,30000,40000,35000,1.17237221142895
"155",52,4,"$10,000 - $19,999",18774,10000,20000,5000,0.266325769681474
"156",62,2,"$40,000 - $49,999",16072,40000,50000,45000,2.79990044798407
"157",67,3,"$50,000 - $59,999",18774,50000,60000,55000,2.92958346649622
"158",39,1,"$20,000 - $29,999",29854,20000,30000,25000,0.837408722449253
"159",60,2,"$50,000 - $59,999",12486,50000,60000,55000,4.40493352554861
"160",24,5,"$20,000 - $29,999",16072,20000,30000,25000,1.55550024888004
"162",65,1,"$10,000 - $19,999",16072,10000,20000,5000,0.311100049776008
"163",39,5,"$100,000 - $109,999",12486,1e+05,110000,105000,8.40941854877463
"164",70,3,"$40,000 - $49,999",24755,40000,50000,45000,1.81781458291254
"165",32,5,"$350,000-$399,999",12486,350000,4e+05,375000,30.0336376741951
"166",35,2,"$110,000-$119,999",29854,110000,120000,115000,3.85208012326656
"167",35,4,"$50,000 - $59,999",12486,50000,60000,55000,4.40493352554861
"168",41,2,"$100,000 - $109,999",12486,1e+05,110000,105000,8.40941854877463
"169",47,3,"$30,000 - $39,999",12486,30000,40000,35000,2.80313951625821
"170",33,5,"$110,000-$119,999",18774,110000,120000,115000,6.12549270267391
"171",65,2,"$50,000 - $59,999",24755,50000,60000,55000,2.22177337911533
"172",65,2,"$120,000-$129,999",18774,120000,130000,125000,6.65814424203686
"173",27,1,"$40,000 - $49,999",18774,40000,50000,45000,2.39693192713327
"174",48,2,"$100,000 - $109,999",29854,1e+05,110000,105000,3.51711663428686
"175",60,4,"$40,000 - $49,999",18774,40000,50000,45000,2.39693192713327
"176",47,5,"$50,000 - $59,999",18774,50000,60000,55000,2.92958346649622
"177",23,1,"$60,000 - $69,999",24755,60000,70000,65000,2.62573217531812
"178",68,1,"$90,000 - $99,999",18774,90000,1e+05,95000,5.06018962394801
"179",19,4,"$100,000 - $109,999",34337,1e+05,110000,105000,3.05792585257885
"180",37,1,"$50,000 - $59,999",18774,50000,60000,55000,2.92958346649622
"181",36,3,"$30,000 - $39,999",16072,30000,40000,35000,2.17770034843206
"182",60,2,"$50,000 - $59,999",12486,50000,60000,55000,4.40493352554861
"183",39,5,"$60,000 - $69,999",24755,60000,70000,65000,2.62573217531812
"184",58,3,"$50,000 - $59,999",16072,50000,60000,55000,3.42210054753609
"185",46,4,"$30,000 - $39,999",18774,30000,40000,35000,1.86428038777032
"186",77,2,"$60,000 - $69,999",16072,60000,70000,65000,4.0443006470881
"188",32,1,"$60,000 - $69,999",16072,60000,70000,65000,4.0443006470881
"189",60,2,"$30,000 - $39,999",16072,30000,40000,35000,2.17770034843206
"190",18,3,"$50,000 - $59,999",12486,50000,60000,55000,4.40493352554861
"191",37,4,"$140,000-$149,999",24755,140000,150000,145000,5.85740254494042
"192",37,2,"$30,000 - $39,999",18774,30000,40000,35000,1.86428038777032
"193",69,3,"$20,000 - $29,999",18774,20000,30000,25000,1.33162884840737
"195",32,1,"$10,000 - $19,999",18774,10000,20000,5000,0.266325769681474
"196",62,1,"$20,000 - $29,999",18774,20000,30000,25000,1.33162884840737
"198",61,1,"$70,000 - $79,999",18774,70000,80000,75000,3.99488654522212
"199",56,1,"$20,000 - $29,999",14507,20000,30000,25000,1.72330599021162
"200",56,3,"$90,000 - $99,999",16072,90000,1e+05,95000,5.91090094574415
"201",25,3,"$150,000-$159,999",12486,150000,160000,155000,12.4139035720006
"202",60,2,"$100,000 - $109,999",18774,1e+05,110000,105000,5.59284116331096
"203",40,3,"$90,000 - $99,999",12486,90000,1e+05,95000,7.60852154412942
"204",19,3,"$50,000 - $59,999",16072,50000,60000,55000,3.42210054753609
"205",55,2,"$80,000 - $89,999",29854,80000,90000,85000,2.84718965632746
"206",71,1,"$30,000 - $39,999",24755,30000,40000,35000,1.41385578670976
"207",25,2,"$50,000 - $59,999",29854,50000,60000,55000,1.84229918938836
"208",24,4,"$40,000 - $49,999",12486,40000,50000,45000,3.60403652090341
"209",57,2,"$100,000 - $109,999",16072,1e+05,110000,105000,6.53310104529617
"210",73,2,"$20,000 - $29,999",12486,20000,30000,25000,2.00224251161301
"211",18,3,"$250,000-$299,999",12486,250000,3e+05,275000,22.0246676277431
"212",73,2,"$110,000-$119,999",29854,110000,120000,115000,3.85208012326656
"213",31,3,"$150,000-$159,999",16072,150000,160000,155000,9.64410154305625
"214",33,2,"$70,000 - $79,999",16072,70000,80000,75000,4.66650074664012
"215",66,2,"$130,000-$139,999",12486,130000,140000,135000,10.8121095627102
"216",25,3,"$30,000 - $39,999",16072,30000,40000,35000,2.17770034843206
"217",42,4,"$20,000 - $29,999",12486,20000,30000,25000,2.00224251161301
"218",50,2,"$70,000 - $79,999",24755,70000,80000,75000,3.02969097152091
"219",26,4,"$40,000 - $49,999",12486,40000,50000,45000,3.60403652090341
"220",59,2,"$140,000-$149,999",24755,140000,150000,145000,5.85740254494042
"221",77,2,"$140,000-$149,999",18774,140000,150000,145000,7.72344732076276
"222",25,2,"$40,000 - $49,999",16072,40000,50000,45000,2.79990044798407
"223",19,4,"$30,000 - $39,999",18774,30000,40000,35000,1.86428038777032
"224",65,2,"$20,000 - $29,999",24755,20000,30000,25000,1.00989699050697
"225",31,2,"$100,000 - $109,999",12486,1e+05,110000,105000,8.40941854877463
"226",39,2,"$30,000 - $39,999",12486,30000,40000,35000,2.80313951625821
"227",41,3,"$40,000 - $49,999",29854,40000,50000,45000,1.50733570040866
"228",32,2,"$10,000 - $19,999",16072,10000,20000,5000,0.311100049776008
"229",25,3,"$20,000 - $29,999",16072,20000,30000,25000,1.55550024888004
"230",25,2,"$30,000 - $39,999",18774,30000,40000,35000,1.86428038777032
"231",40,4,"$90,000 - $99,999",16072,90000,1e+05,95000,5.91090094574415
"232",37,3,"$20,000 - $29,999",12486,20000,30000,25000,2.00224251161301
"233",69,2,"$40,000 - $49,999",12486,40000,50000,45000,3.60403652090341
"234",66,2,"$20,000 - $29,999",18774,20000,30000,25000,1.33162884840737
"236",66,2,"$140,000-$149,999",29854,140000,150000,145000,4.85697059020567
"237",47,3,"$80,000 - $89,999",24755,80000,90000,85000,3.43364976772369
"238",55,5,"$70,000 - $79,999",18774,70000,80000,75000,3.99488654522212
"239",28,3,"$10,000 - $19,999",24755,10000,20000,5000,0.201979398101394
"240",77,2,"$40,000 - $49,999",12486,40000,50000,45000,3.60403652090341
"242",59,2,"$60,000 - $69,999",18774,60000,70000,65000,3.46223500585917
"243",32,4,"$110,000-$119,999",18774,110000,120000,115000,6.12549270267391
"244",60,3,"$90,000 - $99,999",16072,90000,1e+05,95000,5.91090094574415
"245",34,2,"$20,000 - $29,999",16072,20000,30000,25000,1.55550024888004
"246",31,2,"$100,000 - $109,999",16072,1e+05,110000,105000,6.53310104529617
"247",37,2,"$70,000 - $79,999",16072,70000,80000,75000,4.66650074664012
"248",47,1,"$60,000 - $69,999",16072,60000,70000,65000,4.0443006470881
"250",52,1,"$70,000 - $79,999",12486,70000,80000,75000,6.00672753483902
"251",62,4,"$40,000 - $49,999",18774,40000,50000,45000,2.39693192713327
"252",18,4,"$60,000 - $69,999",16072,60000,70000,65000,4.0443006470881
"253",19,4,"$160,000-$169,999",18774,160000,170000,165000,8.78875039948865
"254",27,2,"$30,000 - $39,999",18774,30000,40000,35000,1.86428038777032
"255",62,2,"$20,000 - $29,999",18774,20000,30000,25000,1.33162884840737
"256",72,2,"$40,000 - $49,999",18774,40000,50000,45000,2.39693192713327
"257",67,1,"$10,000 - $19,999",16072,10000,20000,5000,0.311100049776008
"258",67,2,"$300,000-$349,999",14507,3e+05,350000,325000,22.4029778727511
"259",67,2,"$10,000 - $19,999",18774,10000,20000,5000,0.266325769681474
"260",70,2,"$80,000 - $89,999",24755,80000,90000,85000,3.43364976772369
"261",48,2,"$50,000 - $59,999",18774,50000,60000,55000,2.92958346649622
"263",52,1,"$10,000 - $19,999",12486,10000,20000,5000,0.400448502322601
"264",28,4,"$80,000 - $89,999",24755,80000,90000,85000,3.43364976772369
"265",59,1,"$10,000 - $19,999",12486,10000,20000,5000,0.400448502322601
"266",68,1,"$30,000 - $39,999",18774,30000,40000,35000,1.86428038777032
"267",63,5,"$80,000 - $89,999",12486,80000,90000,85000,6.80762453948422
"268",19,1,"$30,000 - $39,999",12486,30000,40000,35000,2.80313951625821
"269",19,5,"$50,000 - $59,999",12486,50000,60000,55000,4.40493352554861
"270",71,9,"$30,000 - $39,999",12486,30000,40000,35000,2.80313951625821
"271",72,1,"$10,000 - $19,999",12486,10000,20000,5000,0.400448502322601
"272",65,2,"$60,000 - $69,999",16072,60000,70000,65000,4.0443006470881
"273",21,3,"$30,000 - $39,999",16072,30000,40000,35000,2.17770034843206
"274",37,5,"$60,000 - $69,999",12486,60000,70000,65000,5.20583053019382
"275",67,2,"$60,000 - $69,999",24755,60000,70000,65000,2.62573217531812
"276",63,2,"$70,000 - $79,999",24755,70000,80000,75000,3.02969097152091
"277",30,5,"$70,000 - $79,999",16072,70000,80000,75000,4.66650074664012
"278",32,3,"$40,000 - $49,999",16072,40000,50000,45000,2.79990044798407
"279",34,2,"$50,000 - $59,999",12486,50000,60000,55000,4.40493352554861
"280",24,1,"$20,000 - $29,999",12486,20000,30000,25000,2.00224251161301
"281",90,2,"$40,000 - $49,999",18774,40000,50000,45000,2.39693192713327
"282",22,2,"$10,000 - $19,999",16072,10000,20000,5000,0.311100049776008
"283",65,2,"$10,000 - $19,999",18774,10000,20000,5000,0.266325769681474
"284",71,2,"$100,000 - $109,999",16072,1e+05,110000,105000,6.53310104529617
"285",27,1,"$40,000 - $49,999",24755,40000,50000,45000,1.81781458291254
"286",23,5,"$150,000-$159,999",29854,150000,160000,155000,5.19193407918537
"287",24,3,"$30,000 - $39,999",16072,30000,40000,35000,2.17770034843206
"288",56,1,"$30,000 - $39,999",24755,30000,40000,35000,1.41385578670976
"289",41,4,"$100,000 - $109,999",18774,1e+05,110000,105000,5.59284116331096
"290",58,1,"$90,000 - $99,999",18774,90000,1e+05,95000,5.06018962394801
"291",19,4,"$110,000-$119,999",18774,110000,120000,115000,6.12549270267391
"292",34,7,"$70,000 - $79,999",18774,70000,80000,75000,3.99488654522212
"293",66,2,"$80,000 - $89,999",24755,80000,90000,85000,3.43364976772369
"294",23,2,"$70,000 - $79,999",18774,70000,80000,75000,3.99488654522212
"295",71,1,"$20,000 - $29,999",16072,20000,30000,25000,1.55550024888004
"297",39,5,"$40,000 - $49,999",12486,40000,50000,45000,3.60403652090341
"298",26,3,"$50,000 - $59,999",16072,50000,60000,55000,3.42210054753609
"299",64,3,"$110,000-$119,999",16072,110000,120000,115000,7.15530114484818
"300",50,2,"$50,000 - $59,999",16072,50000,60000,55000,3.42210054753609
"301",31,4,"$90,000 - $99,999",16072,90000,1e+05,95000,5.91090094574415
"302",43,1,"$30,000 - $39,999",12486,30000,40000,35000,2.80313951625821
"303",33,1,"$10,000 - $19,999",18774,10000,20000,5000,0.266325769681474
"304",74,2,"$50,000 - $59,999",24755,50000,60000,55000,2.22177337911533
"305",64,1,"$10,000 - $19,999",16072,10000,20000,5000,0.311100049776008
"306",33,5,"$20,000 - $29,999",44188,20000,30000,25000,0.565764460939622
"307",72,2,"$50,000 - $59,999",16072,50000,60000,55000,3.42210054753609
"308",56,2,"$70,000 - $79,999",12486,70000,80000,75000,6.00672753483902
"309",21,3,"$50,000 - $59,999",16072,50000,60000,55000,3.42210054753609
"310",32,2,"$20,000 - $29,999",12486,20000,30000,25000,2.00224251161301
"311",42,2,"$50,000 - $59,999",12486,50000,60000,55000,4.40493352554861
"312",41,1,"$20,000 - $29,999",24755,20000,30000,25000,1.00989699050697
"313",55,1,"$20,000 - $29,999",18774,20000,30000,25000,1.33162884840737
"314",47,2,"$40,000 - $49,999",16072,40000,50000,45000,2.79990044798407
"315",43,1,"$40,000 - $49,999",18774,40000,50000,45000,2.39693192713327
"316",69,4,"$20,000 - $29,999",24755,20000,30000,25000,1.00989699050697
"317",24,3,"$40,000 - $49,999",18774,40000,50000,45000,2.39693192713327
"319",75,2,"$50,000 - $59,999",18774,50000,60000,55000,2.92958346649622
"320",59,5,"$60,000 - $69,999",16072,60000,70000,65000,4.0443006470881
"321",38,3,"$70,000 - $79,999",16072,70000,80000,75000,4.66650074664012
"322",44,3,"$40,000 - $49,999",12486,40000,50000,45000,3.60403652090341
"323",71,2,"$110,000-$119,999",16072,110000,120000,115000,7.15530114484818
"324",21,3,"$30,000 - $39,999",29854,30000,40000,35000,1.17237221142895
"325",21,3,"$20,000 - $29,999",16072,20000,30000,25000,1.55550024888004
"326",26,3,"$20,000 - $29,999",29854,20000,30000,25000,0.837408722449253
"327",53,1,"$140,000-$149,999",16072,140000,150000,145000,9.02190144350423
"328",40,4,"$40,000 - $49,999",12486,40000,50000,45000,3.60403652090341
"329",56,6,"$10,000 - $19,999",18774,10000,20000,5000,0.266325769681474
"330",23,2,"$40,000 - $49,999",18774,40000,50000,45000,2.39693192713327
"331",27,4,"$50,000 - $59,999",18774,50000,60000,55000,2.92958346649622
"332",24,1,"$20,000 - $29,999",16072,20000,30000,25000,1.55550024888004
"333",23,3,"$30,000 - $39,999",12486,30000,40000,35000,2.80313951625821
"334",53,3,"$50,000 - $59,999",24755,50000,60000,55000,2.22177337911533
"335",40,2,"$30,000 - $39,999",16072,30000,40000,35000,2.17770034843206
"336",71,1,"$40,000 - $49,999",18774,40000,50000,45000,2.39693192713327
"337",29,1,"$40,000 - $49,999",16072,40000,50000,45000,2.79990044798407
"338",57,2,"$200,000-$249,999",16072,2e+05,250000,225000,13.9995022399204
"339",61,3,"$300,000-$349,999",29854,3e+05,350000,325000,10.8863133918403
"340",68,2,"$20,000 - $29,999",18774,20000,30000,25000,1.33162884840737
"341",32,2,"$30,000 - $39,999",12486,30000,40000,35000,2.80313951625821
"342",40,3,"$40,000 - $49,999",18774,40000,50000,45000,2.39693192713327
"343",33,1,"$30,000 - $39,999",18774,30000,40000,35000,1.86428038777032
"344",51,3,"$30,000 - $39,999",18774,30000,40000,35000,1.86428038777032
"345",71,1,"$70,000 - $79,999",12486,70000,80000,75000,6.00672753483902
"346",64,3,"$150,000-$159,999",24755,150000,160000,155000,6.2613613411432
"347",83,2,"$30,000 - $39,999",24755,30000,40000,35000,1.41385578670976
"348",57,2,"$90,000 - $99,999",24755,90000,1e+05,95000,3.83760856392648
"349",25,6,"$20,000 - $29,999",12486,20000,30000,25000,2.00224251161301
"350",68,2,"$50,000 - $59,999",18774,50000,60000,55000,2.92958346649622
"351",71,2,"$20,000 - $29,999",18774,20000,30000,25000,1.33162884840737
"352",59,4,"$30,000 - $39,999",12486,30000,40000,35000,2.80313951625821
"353",26,4,"$20,000 - $29,999",16072,20000,30000,25000,1.55550024888004
"354",67,2,"$20,000 - $29,999",34337,20000,30000,25000,0.728077583947345
"356",70,2,"$40,000 - $49,999",16072,40000,50000,45000,2.79990044798407
"357",58,3,"$20,000 - $29,999",24755,20000,30000,25000,1.00989699050697
"358",50,3,"$60,000 - $69,999",24755,60000,70000,65000,2.62573217531812
"359",48,3,"$70,000 - $79,999",29854,70000,80000,75000,2.51222616734776
"360",34,3,"$50,000 - $59,999",16072,50000,60000,55000,3.42210054753609
"361",81,1,"$10,000 - $19,999",16072,10000,20000,5000,0.311100049776008
"362",30,3,"$10,000 - $19,999",18774,10000,20000,5000,0.266325769681474
"363",27,3,"$60,000 - $69,999",12486,60000,70000,65000,5.20583053019382
"364",23,4,"$30,000 - $39,999",29854,30000,40000,35000,1.17237221142895
"365",59,1,"$60,000 - $69,999",18774,60000,70000,65000,3.46223500585917
"366",72,2,"$20,000 - $29,999",16072,20000,30000,25000,1.55550024888004
"367",66,2,"$60,000 - $69,999",18774,60000,70000,65000,3.46223500585917
"368",61,2,"$30,000 - $39,999",29854,30000,40000,35000,1.17237221142895
"369",71,2,"$100,000 - $109,999",12486,1e+05,110000,105000,8.40941854877463
"370",44,3,"$30,000 - $39,999",16072,30000,40000,35000,2.17770034843206
"371",23,3,"$70,000 - $79,999",16072,70000,80000,75000,4.66650074664012
"372",37,6,"$30,000 - $39,999",16072,30000,40000,35000,2.17770034843206
"373",55,2,"$20,000 - $29,999",12486,20000,30000,25000,2.00224251161301
"374",68,3,"$50,000 - $59,999",24755,50000,60000,55000,2.22177337911533
"375",62,2,"$20,000 - $29,999",12486,20000,30000,25000,2.00224251161301
"377",36,2,"$40,000 - $49,999",12486,40000,50000,45000,3.60403652090341
"378",26,4,"$50,000 - $59,999",12486,50000,60000,55000,4.40493352554861
"379",36,4,"$60,000 - $69,999",12486,60000,70000,65000,5.20583053019382
"380",49,4,"$40,000 - $49,999",18774,40000,50000,45000,2.39693192713327
"381",23,2,"$30,000 - $39,999",24755,30000,40000,35000,1.41385578670976
"383",30,4,"$90,000 - $99,999",18774,90000,1e+05,95000,5.06018962394801
"384",22,7,"$40,000 - $49,999",29854,40000,50000,45000,1.50733570040866
"385",68,2,"$110,000-$119,999",18774,110000,120000,115000,6.12549270267391
"386",53,2,"$10,000 - $19,999",18774,10000,20000,5000,0.266325769681474
"387",32,5,"$30,000 - $39,999",24755,30000,40000,35000,1.41385578670976
"388",43,2,"$40,000 - $49,999",18774,40000,50000,45000,2.39693192713327
"389",56,2,"$10,000 - $19,999",34337,10000,20000,5000,0.145615516789469
"390",65,1,"$20,000 - $29,999",18774,20000,30000,25000,1.33162884840737
"391",19,3,"$20,000 - $29,999",16072,20000,30000,25000,1.55550024888004
"392",39,3,"$10,000 - $19,999",12486,10000,20000,5000,0.400448502322601
"393",59,3,"$40,000 - $49,999",24755,40000,50000,45000,1.81781458291254
"394",48,2,"$10,000 - $19,999",16072,10000,20000,5000,0.311100049776008
"395",63,3,"$30,000 - $39,999",18774,30000,40000,35000,1.86428038777032
"396",55,1,"$30,000 - $39,999",16072,30000,40000,35000,2.17770034843206
"397",52,3,"$10,000 - $19,999",16072,10000,20000,5000,0.311100049776008
"398",87,1,"$30,000 - $39,999",16072,30000,40000,35000,2.17770034843206
"399",53,2,"$60,000 - $69,999",16072,60000,70000,65000,4.0443006470881
"400",20,3,"$60,000 - $69,999",12486,60000,70000,65000,5.20583053019382
"401",58,5,"$50,000 - $59,999",24755,50000,60000,55000,2.22177337911533
"402",19,2,"$30,000 - $39,999",18774,30000,40000,35000,1.86428038777032
"403",56,1,"$30,000 - $39,999",18774,30000,40000,35000,1.86428038777032
"404",53,1,"$70,000 - $79,999",16072,70000,80000,75000,4.66650074664012
"405",25,2,"$20,000 - $29,999",18774,20000,30000,25000,1.33162884840737
"406",21,2,"$30,000 - $39,999",18774,30000,40000,35000,1.86428038777032
"408",21,3,"$20,000 - $29,999",18774,20000,30000,25000,1.33162884840737
"409",26,3,"$30,000 - $39,999",14507,30000,40000,35000,2.41262838629627
"410",70,2,"$10,000 - $19,999",16072,10000,20000,5000,0.311100049776008
"411",42,4,"$30,000 - $39,999",12486,30000,40000,35000,2.80313951625821
"412",26,4,"$50,000 - $59,999",18774,50000,60000,55000,2.92958346649622
"413",28,2,"$60,000 - $69,999",12486,60000,70000,65000,5.20583053019382
"414",28,2,"$70,000 - $79,999",16072,70000,80000,75000,4.66650074664012
"415",30,3,"$80,000 - $89,999",29854,80000,90000,85000,2.84718965632746
"416",44,4,"$120,000-$129,999",24755,120000,130000,125000,5.04948495253484
"417",33,3,"$80,000 - $89,999",29854,80000,90000,85000,2.84718965632746
"419",33,2,"$10,000 - $19,999",16072,10000,20000,5000,0.311100049776008
"420",66,2,"$70,000 - $79,999",12486,70000,80000,75000,6.00672753483902
"421",21,2,"$10,000 - $19,999",12486,10000,20000,5000,0.400448502322601
"422",30,2,"$90,000 - $99,999",29854,90000,1e+05,95000,3.18215314530716
"423",38,4,"$60,000 - $69,999",16072,60000,70000,65000,4.0443006470881
"424",21,3,"$70,000 - $79,999",16072,70000,80000,75000,4.66650074664012
"425",54,3,"$10,000 - $19,999",12486,10000,20000,5000,0.400448502322601
"427",62,2,"$30,000 - $39,999",12486,30000,40000,35000,2.80313951625821
"428",55,2,"$90,000 - $99,999",24755,90000,1e+05,95000,3.83760856392648
"429",30,4,"$100,000 - $109,999",12486,1e+05,110000,105000,8.40941854877463
"433",30,4,"$40,000 - $49,999",18774,40000,50000,45000,2.39693192713327
"434",37,5,"$30,000 - $39,999",24755,30000,40000,35000,1.41385578670976
"435",18,4,"$140,000-$149,999",12486,140000,150000,145000,11.6130065673554
"436",64,1,"$30,000 - $39,999",12486,30000,40000,35000,2.80313951625821
"437",24,1,"$20,000 - $29,999",29854,20000,30000,25000,0.837408722449253
"438",63,2,"$90,000 - $99,999",16072,90000,1e+05,95000,5.91090094574415
"439",24,4,"$100,000 - $109,999",16072,1e+05,110000,105000,6.53310104529617
"440",55,3,"$20,000 - $29,999",18774,20000,30000,25000,1.33162884840737
"441",42,5,"$90,000 - $99,999",16072,90000,1e+05,95000,5.91090094574415
"443",23,3,"$20,000 - $29,999",12486,20000,30000,25000,2.00224251161301
"444",66,2,"$120,000-$129,999",18774,120000,130000,125000,6.65814424203686
"445",35,3,"$50,000 - $59,999",12486,50000,60000,55000,4.40493352554861
"446",54,1,"$10,000 - $19,999",29854,10000,20000,5000,0.167481744489851
"447",31,4,"$60,000 - $69,999",24755,60000,70000,65000,2.62573217531812
"448",25,2,"$30,000 - $39,999",18774,30000,40000,35000,1.86428038777032
"449",31,2,"$20,000 - $29,999",24755,20000,30000,25000,1.00989699050697
"450",70,1,"$10,000 - $19,999",12486,10000,20000,5000,0.400448502322601
"451",23,5,"$10,000 - $19,999",24755,10000,20000,5000,0.201979398101394
"452",25,3,"$40,000 - $49,999",18774,40000,50000,45000,2.39693192713327
"453",52,3,"$30,000 - $39,999",18774,30000,40000,35000,1.86428038777032
"454",23,3,"$140,000-$149,999",16072,140000,150000,145000,9.02190144350423
"455",29,2,"$20,000 - $29,999",16072,20000,30000,25000,1.55550024888004
"456",59,2,"$20,000 - $29,999",16072,20000,30000,25000,1.55550024888004
"458",24,2,"$80,000 - $89,999",16072,80000,90000,85000,5.28870084619214
"459",56,3,"$30,000 - $39,999",18774,30000,40000,35000,1.86428038777032
"460",64,2,"$40,000 - $49,999",12486,40000,50000,45000,3.60403652090341
"461",44,1,"$30,000 - $39,999",18774,30000,40000,35000,1.86428038777032
"462",66,2,"$40,000 - $49,999",16072,40000,50000,45000,2.79990044798407
"463",52,1,"$10,000 - $19,999",18774,10000,20000,5000,0.266325769681474
"464",65,2,"$30,000 - $39,999",18774,30000,40000,35000,1.86428038777032
"465",27,1,"$40,000 - $49,999",18774,40000,50000,45000,2.39693192713327
"466",40,2,"$50,000 - $59,999",18774,50000,60000,55000,2.92958346649622
"467",27,1,"$10,000 - $19,999",16072,10000,20000,5000,0.311100049776008
"468",64,6,"$70,000 - $79,999",14507,70000,80000,75000,5.16991797063487
"469",57,4,"$110,000-$119,999",18774,110000,120000,115000,6.12549270267391
"470",62,2,"$200,000-$249,999",24755,2e+05,250000,225000,9.08907291456272
"471",67,2,"$60,000 - $69,999",18774,60000,70000,65000,3.46223500585917
"472",26,3,"$50,000 - $59,999",16072,50000,60000,55000,3.42210054753609
"473",21,5,"$70,000 - $79,999",12486,70000,80000,75000,6.00672753483902
"474",29,3,"$90,000 - $99,999",24755,90000,1e+05,95000,3.83760856392648
"475",58,2,"$30,000 - $39,999",12486,30000,40000,35000,2.80313951625821
"476",58,4,"$20,000 - $29,999",18774,20000,30000,25000,1.33162884840737
"477",33,4,"$40,000 - $49,999",12486,40000,50000,45000,3.60403652090341
"478",18,2,"$10,000 - $19,999",12486,10000,20000,5000,0.400448502322601
"479",31,2,"$60,000 - $69,999",12486,60000,70000,65000,5.20583053019382
"480",18,2,"$30,000 - $39,999",12486,30000,40000,35000,2.80313951625821
"481",55,1,"$60,000 - $69,999",12486,60000,70000,65000,5.20583053019382
"482",52,3,"$60,000 - $69,999",16072,60000,70000,65000,4.0443006470881
"483",30,2,"$90,000 - $99,999",16072,90000,1e+05,95000,5.91090094574415
"484",54,3,"$50,000 - $59,999",12486,50000,60000,55000,4.40493352554861
"485",54,2,"$100,000 - $109,999",24755,1e+05,110000,105000,4.24156736012927
"486",71,2,"$120,000-$129,999",24755,120000,130000,125000,5.04948495253484
"487",62,2,"$70,000 - $79,999",16072,70000,80000,75000,4.66650074664012
"488",27,5,"$20,000 - $29,999",16072,20000,30000,25000,1.55550024888004
"489",52,2,"$50,000 - $59,999",12486,50000,60000,55000,4.40493352554861
"490",65,3,"$300,000-$349,999",12486,3e+05,350000,325000,26.0291526509691
"492",59,2,"$130,000-$139,999",16072,130000,140000,135000,8.39970134395221
"493",64,2,"$80,000 - $89,999",18774,80000,90000,85000,4.52753808458506
"494",51,2,"$50,000 - $59,999",16072,50000,60000,55000,3.42210054753609
"495",38,7,"$50,000 - $59,999",24755,50000,60000,55000,2.22177337911533
"496",53,2,"$120,000-$129,999",29854,120000,130000,125000,4.18704361224627
"499",41,2,"$100,000 - $109,999",18774,1e+05,110000,105000,5.59284116331096
"500",51,2,"$10,000 - $19,999",18774,10000,20000,5000,0.266325769681474
"501",37,5,"$60,000 - $69,999",18774,60000,70000,65000,3.46223500585917
"502",69,2,"$30,000 - $39,999",18774,30000,40000,35000,1.86428038777032
"503",40,5,"$120,000-$129,999",24755,120000,130000,125000,5.04948495253484
"504",29,4,"$80,000 - $89,999",18774,80000,90000,85000,4.52753808458506
"505",37,3,"$40,000 - $49,999",16072,40000,50000,45000,2.79990044798407
"506",28,2,"$150,000-$159,999",12486,150000,160000,155000,12.4139035720006
"507",65,4,"$70,000 - $79,999",12486,70000,80000,75000,6.00672753483902
"508",23,6,"$20,000 - $29,999",16072,20000,30000,25000,1.55550024888004
"509",32,3,"$20,000 - $29,999",16072,20000,30000,25000,1.55550024888004
"510",30,3,"$170,000-$179,999",16072,170000,180000,175000,10.8885017421603
"511",37,4,"$140,000-$149,999",16072,140000,150000,145000,9.02190144350423
"512",69,2,"$50,000 - $59,999",12486,50000,60000,55000,4.40493352554861
"513",25,2,"$80,000 - $89,999",18774,80000,90000,85000,4.52753808458506
"514",21,4,"$60,000 - $69,999",24755,60000,70000,65000,2.62573217531812
"516",51,1,"$10,000 - $19,999",44188,10000,20000,5000,0.113152892187924
"517",44,3,"$80,000 - $89,999",16072,80000,90000,85000,5.28870084619214
"518",31,3,"$40,000 - $49,999",12486,40000,50000,45000,3.60403652090341
"519",68,2,"$50,000 - $59,999",16072,50000,60000,55000,3.42210054753609
"520",42,2,"$20,000 - $29,999",12486,20000,30000,25000,2.00224251161301
"521",21,2,"$10,000 - $19,999",12486,10000,20000,5000,0.400448502322601
"522",27,1,"$40,000 - $49,999",24755,40000,50000,45000,1.81781458291254
"523",61,2,"$120,000-$129,999",18774,120000,130000,125000,6.65814424203686
"524",36,3,"$40,000 - $49,999",16072,40000,50000,45000,2.79990044798407
"525",20,3,"$20,000 - $29,999",18774,20000,30000,25000,1.33162884840737
"526",35,4,"$40,000 - $49,999",24755,40000,50000,45000,1.81781458291254
"527",45,3,"$50,000 - $59,999",18774,50000,60000,55000,2.92958346649622
"528",79,3,"$60,000 - $69,999",16072,60000,70000,65000,4.0443006470881
"529",23,1,"$10,000 - $19,999",18774,10000,20000,5000,0.266325769681474
"530",23,5,"$10,000 - $19,999",16072,10000,20000,5000,0.311100049776008
"531",65,1,"$50,000 - $59,999",16072,50000,60000,55000,3.42210054753609
"532",76,2,"$20,000 - $29,999",12486,20000,30000,25000,2.00224251161301
"533",34,2,"$60,000 - $69,999",16072,60000,70000,65000,4.0443006470881
"534",42,4,"$80,000 - $89,999",29854,80000,90000,85000,2.84718965632746
"535",23,4,"$20,000 - $29,999",16072,20000,30000,25000,1.55550024888004
"536",38,6,"$60,000 - $69,999",29854,60000,70000,65000,2.17726267836806
"537",37,3,"$40,000 - $49,999",16072,40000,50000,45000,2.79990044798407
"538",21,3,"$40,000 - $49,999",12486,40000,50000,45000,3.60403652090341
"539",65,2,"$50,000 - $59,999",18774,50000,60000,55000,2.92958346649622
"540",27,3,"$20,000 - $29,999",18774,20000,30000,25000,1.33162884840737
"541",62,2,"$70,000 - $79,999",18774,70000,80000,75000,3.99488654522212
"542",68,1,"$200,000-$249,999",16072,2e+05,250000,225000,13.9995022399204
"543",60,3,"$50,000 - $59,999",12486,50000,60000,55000,4.40493352554861
"545",70,1,"$50,000 - $59,999",16072,50000,60000,55000,3.42210054753609
"546",40,3,"$10,000 - $19,999",18774,10000,20000,5000,0.266325769681474
"548",57,2,"$60,000 - $69,999",16072,60000,70000,65000,4.0443006470881
"549",70,1,"$50,000 - $59,999",29854,50000,60000,55000,1.84229918938836
"550",65,1,"$10,000 - $19,999",18774,10000,20000,5000,0.266325769681474
"551",21,3,"$20,000 - $29,999",12486,20000,30000,25000,2.00224251161301
"552",35,1,"$50,000 - $59,999",18774,50000,60000,55000,2.92958346649622
"553",58,2,"$130,000-$139,999",18774,130000,140000,135000,7.19079578139981
"554",23,4,"$30,000 - $39,999",18774,30000,40000,35000,1.86428038777032
"555",61,3,"$50,000 - $59,999",12486,50000,60000,55000,4.40493352554861
"556",50,9,"$60,000 - $69,999",24755,60000,70000,65000,2.62573217531812
"557",27,2,"$20,000 - $29,999",24755,20000,30000,25000,1.00989699050697
"558",38,2,"$90,000 - $99,999",24755,90000,1e+05,95000,3.83760856392648
"559",30,3,"$100,000 - $109,999",12486,1e+05,110000,105000,8.40941854877463
"560",43,2,"$80,000 - $89,999",18774,80000,90000,85000,4.52753808458506
"561",38,4,"$90,000 - $99,999",18774,90000,1e+05,95000,5.06018962394801
"562",30,5,"$50,000 - $59,999",12486,50000,60000,55000,4.40493352554861
"563",55,1,"$10,000 - $19,999",16072,10000,20000,5000,0.311100049776008
"564",25,2,"$70,000 - $79,999",34337,70000,80000,75000,2.18423275184204
"565",57,2,"$100,000 - $109,999",18774,1e+05,110000,105000,5.59284116331096
"566",65,2,"$90,000 - $99,999",16072,90000,1e+05,95000,5.91090094574415
"567",77,1,"$20,000 - $29,999",24755,20000,30000,25000,1.00989699050697
"568",53,1,"$90,000 - $99,999",24755,90000,1e+05,95000,3.83760856392648
"569",52,2,"$50,000 - $59,999",29854,50000,60000,55000,1.84229918938836
"570",47,2,"$70,000 - $79,999",16072,70000,80000,75000,4.66650074664012
"572",18,4,"$90,000 - $99,999",18774,90000,1e+05,95000,5.06018962394801
"573",63,2,"$110,000-$119,999",12486,110000,120000,115000,9.21031555341983
"574",20,6,"$60,000 - $69,999",29854,60000,70000,65000,2.17726267836806
"575",36,4,"$20,000 - $29,999",18774,20000,30000,25000,1.33162884840737
"576",39,3,"$60,000 - $69,999",16072,60000,70000,65000,4.0443006470881
"577",37,4,"$10,000 - $19,999",18774,10000,20000,5000,0.266325769681474
"578",27,7,"$30,000 - $39,999",29854,30000,40000,35000,1.17237221142895
"579",58,3,"$20,000 - $29,999",12486,20000,30000,25000,2.00224251161301
"580",24,3,"$90,000 - $99,999",16072,90000,1e+05,95000,5.91090094574415
"582",24,3,"$80,000 - $89,999",16072,80000,90000,85000,5.28870084619214
"583",42,1,"$10,000 - $19,999",12486,10000,20000,5000,0.400448502322601
"584",44,2,"$10,000 - $19,999",24755,10000,20000,5000,0.201979398101394
"585",67,2,"$140,000-$149,999",12486,140000,150000,145000,11.6130065673554
"586",68,2,"$60,000 - $69,999",29854,60000,70000,65000,2.17726267836806
"587",41,2,"$70,000 - $79,999",12486,70000,80000,75000,6.00672753483902
"588",33,2,"$40,000 - $49,999",12486,40000,50000,45000,3.60403652090341
"589",19,6,"$10,000 - $19,999",12486,10000,20000,5000,0.400448502322601
"590",41,4,"$80,000 - $89,999",18774,80000,90000,85000,4.52753808458506
"591",27,1,"$20,000 - $29,999",24755,20000,30000,25000,1.00989699050697
"592",35,4,"$80,000 - $89,999",18774,80000,90000,85000,4.52753808458506
"593",44,5,"$100,000 - $109,999",18774,1e+05,110000,105000,5.59284116331096
"594",61,3,"$120,000-$129,999",29854,120000,130000,125000,4.18704361224627
"595",24,5,"$70,000 - $79,999",18774,70000,80000,75000,3.99488654522212
"596",67,1,"$20,000 - $29,999",18774,20000,30000,25000,1.33162884840737
"597",33,4,"$80,000 - $89,999",24755,80000,90000,85000,3.43364976772369
"598",62,1,"$10,000 - $19,999",18774,10000,20000,5000,0.266325769681474
"599",31,4,"$90,000 - $99,999",34337,90000,1e+05,95000,2.76669481899991
"600",33,1,"$110,000-$119,999",18774,110000,120000,115000,6.12549270267391
"601",29,2,"$10,000 - $19,999",16072,10000,20000,5000,0.311100049776008
"602",63,2,"$40,000 - $49,999",12486,40000,50000,45000,3.60403652090341
"603",59,2,"$60,000 - $69,999",24755,60000,70000,65000,2.62573217531812
"604",44,4,"$50,000 - $59,999",16072,50000,60000,55000,3.42210054753609
"605",56,2,"$10,000 - $19,999",18774,10000,20000,5000,0.266325769681474
"606",68,1,"$50,000 - $59,999",16072,50000,60000,55000,3.42210054753609
"607",28,2,"$140,000-$149,999",16072,140000,150000,145000,9.02190144350423
"608",37,5,"$10,000 - $19,999",16072,10000,20000,5000,0.311100049776008
"609",81,2,"$100,000 - $109,999",16072,1e+05,110000,105000,6.53310104529617
"610",61,1,"$10,000 - $19,999",12486,10000,20000,5000,0.400448502322601
"613",32,1,"$80,000 - $89,999",18774,80000,90000,85000,4.52753808458506
"615",60,2,"$90,000 - $99,999",18774,90000,1e+05,95000,5.06018962394801
"616",32,3,"$120,000-$129,999",18774,120000,130000,125000,6.65814424203686
"618",35,2,"$50,000 - $59,999",18774,50000,60000,55000,2.92958346649622
"619",54,4,"$200,000-$249,999",14507,2e+05,250000,225000,15.5097539119046
"620",67,2,"$200,000-$249,999",16072,2e+05,250000,225000,13.9995022399204
"621",31,1,"$60,000 - $69,999",12486,60000,70000,65000,5.20583053019382
"622",62,2,"$120,000-$129,999",18774,120000,130000,125000,6.65814424203686
"623",43,2,"$70,000 - $79,999",12486,70000,80000,75000,6.00672753483902
"624",33,3,"$70,000 - $79,999",16072,70000,80000,75000,4.66650074664012
"625",38,2,"$50,000 - $59,999",29854,50000,60000,55000,1.84229918938836
"626",52,2,"$40,000 - $49,999",24755,40000,50000,45000,1.81781458291254
"627",22,1,"$10,000 - $19,999",29854,10000,20000,5000,0.167481744489851
"628",60,5,"$80,000 - $89,999",12486,80000,90000,85000,6.80762453948422
"629",65,2,"$20,000 - $29,999",16072,20000,30000,25000,1.55550024888004
"630",26,5,"$60,000 - $69,999",12486,60000,70000,65000,5.20583053019382
"631",18,2,"$50,000 - $59,999",12486,50000,60000,55000,4.40493352554861
"632",67,3,"$70,000 - $79,999",29854,70000,80000,75000,2.51222616734776
"633",29,1,"$10,000 - $19,999",16072,10000,20000,5000,0.311100049776008
"634",33,2,"$10,000 - $19,999",16072,10000,20000,5000,0.311100049776008
"635",67,2,"$50,000 - $59,999",12486,50000,60000,55000,4.40493352554861
"637",69,1,"$10,000 - $19,999",12486,10000,20000,5000,0.400448502322601
"638",67,1,"$50,000 - $59,999",24755,50000,60000,55000,2.22177337911533
"639",48,6,"$190,000-$199,999",12486,190000,2e+05,195000,15.6174915905815
"640",68,1,"$120,000-$129,999",24755,120000,130000,125000,5.04948495253484
"641",24,2,"$20,000 - $29,999",18774,20000,30000,25000,1.33162884840737
"642",59,1,"$20,000 - $29,999",16072,20000,30000,25000,1.55550024888004
"643",20,4,"$50,000 - $59,999",18774,50000,60000,55000,2.92958346649622
"644",47,4,"$50,000 - $59,999",24755,50000,60000,55000,2.22177337911533
"645",37,2,"$90,000 - $99,999",12486,90000,1e+05,95000,7.60852154412942
"646",31,3,"$50,000 - $59,999",12486,50000,60000,55000,4.40493352554861
"647",44,4,"$180,000-$189,999",29854,180000,190000,185000,6.19682454612447
"648",59,1,"$70,000 - $79,999",16072,70000,80000,75000,4.66650074664012
"649",68,2,"$70,000 - $79,999",16072,70000,80000,75000,4.66650074664012
"650",31,4,"$40,000 - $49,999",18774,40000,50000,45000,2.39693192713327
"651",62,3,"$60,000 - $69,999",16072,60000,70000,65000,4.0443006470881
"652",24,2,"$90,000 - $99,999",12486,90000,1e+05,95000,7.60852154412942
"653",57,2,"$90,000 - $99,999",12486,90000,1e+05,95000,7.60852154412942
"654",25,3,"$100,000 - $109,999",18774,1e+05,110000,105000,5.59284116331096
"655",34,2,"$10,000 - $19,999",12486,10000,20000,5000,0.400448502322601
"656",64,2,"$90,000 - $99,999",29854,90000,1e+05,95000,3.18215314530716
"657",20,6,"$20,000 - $29,999",24755,20000,30000,25000,1.00989699050697
"658",20,4,"$100,000 - $109,999",18774,1e+05,110000,105000,5.59284116331096
"659",18,6,"$120,000-$129,999",24755,120000,130000,125000,5.04948495253484
"660",57,3,"$190,000-$199,999",12486,190000,2e+05,195000,15.6174915905815
"661",22,8,"$40,000 - $49,999",24755,40000,50000,45000,1.81781458291254
"662",72,3,"$10,000 - $19,999",18774,10000,20000,5000,0.266325769681474
"663",21,2,"$110,000-$119,999",18774,110000,120000,115000,6.12549270267391
"664",57,4,"$90,000 - $99,999",16072,90000,1e+05,95000,5.91090094574415
"665",34,2,"$70,000 - $79,999",16072,70000,80000,75000,4.66650074664012
"666",28,2,"$100,000 - $109,999",16072,1e+05,110000,105000,6.53310104529617
"667",51,4,"$150,000-$159,999",16072,150000,160000,155000,9.64410154305625
"668",67,2,"$80,000 - $89,999",16072,80000,90000,85000,5.28870084619214
"669",65,2,"$70,000 - $79,999",18774,70000,80000,75000,3.99488654522212
"670",60,2,"$80,000 - $89,999",12486,80000,90000,85000,6.80762453948422
"671",40,5,"$70,000 - $79,999",18774,70000,80000,75000,3.99488654522212
"672",56,4,"$120,000-$129,999",16072,120000,130000,125000,7.7775012444002
"673",18,3,"$150,000-$159,999",18774,150000,160000,155000,8.25609886012571
"674",32,4,"$90,000 - $99,999",18774,90000,1e+05,95000,5.06018962394801
"675",26,3,"$80,000 - $89,999",18774,80000,90000,85000,4.52753808458506
"676",63,2,"$70,000 - $79,999",18774,70000,80000,75000,3.99488654522212
"677",21,4,"$80,000 - $89,999",16072,80000,90000,85000,5.28870084619214
"678",58,1,"$110,000-$119,999",14507,110000,120000,115000,7.92720755497346
"679",35,1,"$90,000 - $99,999",18774,90000,1e+05,95000,5.06018962394801
"680",36,4,"$120,000-$129,999",24755,120000,130000,125000,5.04948495253484
"681",47,4,"$250,000-$299,999",18774,250000,3e+05,275000,14.6479173324811
"682",36,3,"$100,000 - $109,999",16072,1e+05,110000,105000,6.53310104529617
"683",63,2,"$70,000 - $79,999",12486,70000,80000,75000,6.00672753483902
"684",33,4,"$170,000-$179,999",24755,170000,180000,175000,7.06927893354878
"685",68,2,"$100,000 - $109,999",12486,1e+05,110000,105000,8.40941854877463
"686",62,2,"$120,000-$129,999",18774,120000,130000,125000,6.65814424203686
"687",34,3,"$100,000 - $109,999",12486,1e+05,110000,105000,8.40941854877463
"688",71,2,"$80,000 - $89,999",12486,80000,90000,85000,6.80762453948422
"689",34,3,"$80,000 - $89,999",12486,80000,90000,85000,6.80762453948422
"690",28,3,"$200,000-$249,999",12486,2e+05,250000,225000,18.0201826045171
"691",57,2,"$110,000-$119,999",12486,110000,120000,115000,9.21031555341983
"692",31,4,"$120,000-$129,999",16072,120000,130000,125000,7.7775012444002
"693",56,2,"$130,000-$139,999",16072,130000,140000,135000,8.39970134395221
"694",40,4,"$70,000 - $79,999",12486,70000,80000,75000,6.00672753483902
"695",47,3,"$160,000-$169,999",24755,160000,170000,165000,6.66532013734599
"696",72,2,"$90,000 - $99,999",24755,90000,1e+05,95000,3.83760856392648
"697",31,4,"$70,000 - $79,999",16072,70000,80000,75000,4.66650074664012
"698",20,1,"$80,000 - $89,999",16072,80000,90000,85000,5.28870084619214
"699",49,1,"$80,000 - $89,999",12486,80000,90000,85000,6.80762453948422
"701",58,2,"$80,000 - $89,999",18774,80000,90000,85000,4.52753808458506
"702",60,3,"$150,000-$159,999",16072,150000,160000,155000,9.64410154305625
"703",41,2,"$100,000 - $109,999",18774,1e+05,110000,105000,5.59284116331096
"704",55,1,"$80,000 - $89,999",16072,80000,90000,85000,5.28870084619214
"705",33,2,"$150,000-$159,999",24755,150000,160000,155000,6.2613613411432
"706",72,1,"$80,000 - $89,999",29854,80000,90000,85000,2.84718965632746
"707",58,3,"$110,000-$119,999",16072,110000,120000,115000,7.15530114484818
"708",33,3,"$170,000-$179,999",24755,170000,180000,175000,7.06927893354878
"709",37,3,"$100,000 - $109,999",18774,1e+05,110000,105000,5.59284116331096
"710",68,1,"$70,000 - $79,999",18774,70000,80000,75000,3.99488654522212
"711",30,2,"$140,000-$149,999",18774,140000,150000,145000,7.72344732076276
"712",28,1,"$20,000 - $29,999",18774,20000,30000,25000,1.33162884840737
"713",33,1,"$90,000 - $99,999",24755,90000,1e+05,95000,3.83760856392648
"714",61,3,"$200,000-$249,999",18774,2e+05,250000,225000,11.9846596356663
"715",60,2,"$90,000 - $99,999",16072,90000,1e+05,95000,5.91090094574415
"716",50,2,"$70,000 - $79,999",12486,70000,80000,75000,6.00672753483902
"717",62,6,"$200,000-$249,999",12486,2e+05,250000,225000,18.0201826045171
"718",60,3,"$120,000-$129,999",16072,120000,130000,125000,7.7775012444002
"719",29,6,"$80,000 - $89,999",16072,80000,90000,85000,5.28870084619214
"720",40,4,"$90,000 - $99,999",16072,90000,1e+05,95000,5.91090094574415
"721",61,3,"$170,000-$179,999",16072,170000,180000,175000,10.8885017421603
"722",36,3,"$160,000-$169,999",12486,160000,170000,165000,13.2148005766458
"723",34,1,"$90,000 - $99,999",18774,90000,1e+05,95000,5.06018962394801
"724",48,2,"$90,000 - $99,999",24755,90000,1e+05,95000,3.83760856392648
"725",29,2,"$50,000 - $59,999",16072,50000,60000,55000,3.42210054753609
"726",69,2,"$70,000 - $79,999",44188,70000,80000,75000,1.69729338281886
"727",47,2,"$80,000 - $89,999",16072,80000,90000,85000,5.28870084619214
"728",46,5,"$150,000-$159,999",12486,150000,160000,155000,12.4139035720006
"729",29,2,"$130,000-$139,999",16072,130000,140000,135000,8.39970134395221
"730",61,2,"$100,000 - $109,999",12486,1e+05,110000,105000,8.40941854877463
"731",39,4,"$100,000 - $109,999",12486,1e+05,110000,105000,8.40941854877463
"732",68,1,"$80,000 - $89,999",24755,80000,90000,85000,3.43364976772369
"733",51,4,"$90,000 - $99,999",18774,90000,1e+05,95000,5.06018962394801
"734",20,3,"$80,000 - $89,999",16072,80000,90000,85000,5.28870084619214
"735",33,1,"$110,000-$119,999",18774,110000,120000,115000,6.12549270267391
"736",47,5,"$100,000 - $109,999",24755,1e+05,110000,105000,4.24156736012927
"737",33,5,"$90,000 - $99,999",18774,90000,1e+05,95000,5.06018962394801
"738",52,2,"$70,000 - $79,999",16072,70000,80000,75000,4.66650074664012
"739",55,5,"$110,000-$119,999",18774,110000,120000,115000,6.12549270267391
"740",39,4,"$140,000-$149,999",16072,140000,150000,145000,9.02190144350423
"741",57,3,"$80,000 - $89,999",16072,80000,90000,85000,5.28870084619214
"742",51,4,"$70,000 - $79,999",12486,70000,80000,75000,6.00672753483902
"743",63,2,"$70,000 - $79,999",16072,70000,80000,75000,4.66650074664012
"744",47,4,"$150,000-$159,999",29854,150000,160000,155000,5.19193407918537
"745",37,2,"$120,000-$129,999",16072,120000,130000,125000,7.7775012444002
"746",69,4,"$90,000 - $99,999",29854,90000,1e+05,95000,3.18215314530716
"747",30,3,"$80,000 - $89,999",16072,80000,90000,85000,5.28870084619214
"748",71,2,"$120,000-$129,999",12486,120000,130000,125000,10.011212558065
"749",22,2,"$90,000 - $99,999",18774,90000,1e+05,95000,5.06018962394801
"750",56,2,"$80,000 - $89,999",18774,80000,90000,85000,4.52753808458506
"751",68,1,"$450,000-$499,999",18774,450000,5e+05,475000,25.3009481197401
"752",29,1,"$100,000 - $109,999",16072,1e+05,110000,105000,6.53310104529617
"753",37,7,"$150,000-$159,999",12486,150000,160000,155000,12.4139035720006
"754",27,3,"$70,000 - $79,999",24755,70000,80000,75000,3.02969097152091
"755",32,4,"$140,000-$149,999",16072,140000,150000,145000,9.02190144350423
"756",35,1,"$90,000 - $99,999",18774,90000,1e+05,95000,5.06018962394801
"757",29,2,"$90,000 - $99,999",16072,90000,1e+05,95000,5.91090094574415
"758",30,5,"$100,000 - $109,999",16072,1e+05,110000,105000,6.53310104529617
"759",43,6,"$150,000-$159,999",29854,150000,160000,155000,5.19193407918537
"760",30,4,"$80,000 - $89,999",18774,80000,90000,85000,4.52753808458506
"761",43,2,"$150,000-$159,999",12486,150000,160000,155000,12.4139035720006
"762",31,2,"$110,000-$119,999",18774,110000,120000,115000,6.12549270267391
"763",24,2,"$80,000 - $89,999",18774,80000,90000,85000,4.52753808458506
"764",25,7,"$120,000-$129,999",18774,120000,130000,125000,6.65814424203686
"765",47,5,"$90,000 - $99,999",12486,90000,1e+05,95000,7.60852154412942
"766",75,3,"$90,000 - $99,999",24755,90000,1e+05,95000,3.83760856392648
"767",28,4,"$120,000-$129,999",24755,120000,130000,125000,5.04948495253484
"768",41,10,"$130,000-$139,999",24755,130000,140000,135000,5.45344374873763
"769",39,4,"$140,000-$149,999",12486,140000,150000,145000,11.6130065673554
"770",59,1,"$120,000-$129,999",18774,120000,130000,125000,6.65814424203686
"771",35,4,"$70,000 - $79,999",18774,70000,80000,75000,3.99488654522212
"772",58,3,"$100,000 - $109,999",12486,1e+05,110000,105000,8.40941854877463
"773",48,4,"$140,000-$149,999",16072,140000,150000,145000,9.02190144350423
"774",71,2,"$190,000-$199,999",34337,190000,2e+05,195000,5.67900515478929
"775",37,6,"$110,000-$119,999",18774,110000,120000,115000,6.12549270267391
"776",37,1,"$70,000 - $79,999",16072,70000,80000,75000,4.66650074664012
"777",48,3,"$150,000-$159,999",24755,150000,160000,155000,6.2613613411432
"778",28,3,"$80,000 - $89,999",24755,80000,90000,85000,3.43364976772369
"779",36,5,"$80,000 - $89,999",29854,80000,90000,85000,2.84718965632746
"780",60,1,"$170,000-$179,999",16072,170000,180000,175000,10.8885017421603
"781",57,2,"$130,000-$139,999",16072,130000,140000,135000,8.39970134395221
"782",33,3,"$80,000 - $89,999",18774,80000,90000,85000,4.52753808458506
"783",62,1,"$70,000 - $79,999",12486,70000,80000,75000,6.00672753483902
"784",37,4,"$70,000 - $79,999",29854,70000,80000,75000,2.51222616734776
"785",38,3,"$90,000 - $99,999",18774,90000,1e+05,95000,5.06018962394801
"786",59,2,"$140,000-$149,999",16072,140000,150000,145000,9.02190144350423
"787",31,1,"$100,000 - $109,999",18774,1e+05,110000,105000,5.59284116331096
"788",34,3,"$120,000-$129,999",29854,120000,130000,125000,4.18704361224627
"789",75,2,"$140,000-$149,999",12486,140000,150000,145000,11.6130065673554
"790",62,2,"$100,000 - $109,999",16072,1e+05,110000,105000,6.53310104529617
"791",39,4,"$100,000 - $109,999",16072,1e+05,110000,105000,6.53310104529617
"792",46,2,"$120,000-$129,999",16072,120000,130000,125000,7.7775012444002
"793",47,2,"$150,000-$159,999",12486,150000,160000,155000,12.4139035720006
"794",31,3,"$150,000-$159,999",24755,150000,160000,155000,6.2613613411432
"795",54,4,"$110,000-$119,999",12486,110000,120000,115000,9.21031555341983
"796",63,2,"$120,000-$129,999",29854,120000,130000,125000,4.18704361224627
"797",49,4,"$190,000-$199,999",12486,190000,2e+05,195000,15.6174915905815
"798",47,6,"$140,000-$149,999",12486,140000,150000,145000,11.6130065673554
"799",41,3,"$100,000 - $109,999",12486,1e+05,110000,105000,8.40941854877463
"800",32,7,"$120,000-$129,999",18774,120000,130000,125000,6.65814424203686
"801",46,4,"$190,000-$199,999",24755,190000,2e+05,195000,7.87719652595435
"802",31,1,"$100,000 - $109,999",18774,1e+05,110000,105000,5.59284116331096
"803",18,5,"$130,000-$139,999",18774,130000,140000,135000,7.19079578139981
"804",61,2,"$500,000-$999,999",29854,5e+05,1e+06,750000,25.1222616734776
"805",35,4,"$250,000-$299,999",18774,250000,3e+05,275000,14.6479173324811
"806",31,2,"$120,000-$129,999",18774,120000,130000,125000,6.65814424203686
"807",35,3,"$140,000-$149,999",24755,140000,150000,145000,5.85740254494042
"808",58,2,"$140,000-$149,999",18774,140000,150000,145000,7.72344732076276
"809",50,5,"$140,000-$149,999",34337,140000,150000,145000,4.2228499868946
"810",27,2,"$170,000-$179,999",18774,170000,180000,175000,9.3214019388516
"811",20,3,"$100,000 - $109,999",16072,1e+05,110000,105000,6.53310104529617
"812",30,2,"$170,000-$179,999",12486,170000,180000,175000,14.015697581291
"813",23,2,"$100,000 - $109,999",24755,1e+05,110000,105000,4.24156736012927
"814",59,2,"$120,000-$129,999",16072,120000,130000,125000,7.7775012444002
"815",55,2,"$150,000-$159,999",18774,150000,160000,155000,8.25609886012571
"816",29,2,"$120,000-$129,999",16072,120000,130000,125000,7.7775012444002
"817",46,4,"$120,000-$129,999",16072,120000,130000,125000,7.7775012444002
"818",51,3,"$110,000-$119,999",16072,110000,120000,115000,7.15530114484818
"819",53,2,"$160,000-$169,999",16072,160000,170000,165000,10.2663016426083
"820",68,2,"$100,000 - $109,999",12486,1e+05,110000,105000,8.40941854877463
"821",38,5,"$100,000 - $109,999",24755,1e+05,110000,105000,4.24156736012927
"822",29,2,"$110,000-$119,999",18774,110000,120000,115000,6.12549270267391
"823",44,3,"$140,000-$149,999",18774,140000,150000,145000,7.72344732076276
"824",63,2,"$130,000-$139,999",16072,130000,140000,135000,8.39970134395221
"825",63,2,"$100,000 - $109,999",18774,1e+05,110000,105000,5.59284116331096
"827",59,1,"$140,000-$149,999",12486,140000,150000,145000,11.6130065673554
"828",33,4,"$110,000-$119,999",18774,110000,120000,115000,6.12549270267391
"829",49,2,"$190,000-$199,999",14507,190000,2e+05,195000,13.4417867236507
"830",32,1,"$100,000 - $109,999",16072,1e+05,110000,105000,6.53310104529617
"831",42,3,"$150,000-$159,999",12486,150000,160000,155000,12.4139035720006
"832",62,2,"$120,000-$129,999",18774,120000,130000,125000,6.65814424203686
"833",30,3,"$130,000-$139,999",12486,130000,140000,135000,10.8121095627102
"834",23,1,"$100,000 - $109,999",16072,1e+05,110000,105000,6.53310104529617
"835",69,6,"$120,000-$129,999",29854,120000,130000,125000,4.18704361224627
"836",35,3,"$100,000 - $109,999",24755,1e+05,110000,105000,4.24156736012927
"838",54,3,"$250,000-$299,999",12486,250000,3e+05,275000,22.0246676277431
"839",40,4,"$200,000-$249,999",16072,2e+05,250000,225000,13.9995022399204
"840",45,2,"$120,000-$129,999",12486,120000,130000,125000,10.011212558065
"841",52,2,"$190,000-$199,999",12486,190000,2e+05,195000,15.6174915905815
"842",58,2,"$180,000-$189,999",29854,180000,190000,185000,6.19682454612447
"843",19,3,"$150,000-$159,999",16072,150000,160000,155000,9.64410154305625
"844",63,2,"$150,000-$159,999",16072,150000,160000,155000,9.64410154305625
"845",23,4,"$200,000-$249,999",12486,2e+05,250000,225000,18.0201826045171
"846",52,2,"$200,000-$249,999",16072,2e+05,250000,225000,13.9995022399204
"847",29,7,"$190,000-$199,999",12486,190000,2e+05,195000,15.6174915905815
"848",38,4,"$150,000-$159,999",24755,150000,160000,155000,6.2613613411432
"849",43,3,"$350,000-$399,999",12486,350000,4e+05,375000,30.0336376741951
"850",23,8,"$190,000-$199,999",24755,190000,2e+05,195000,7.87719652595435
"851",67,2,"$200,000-$249,999",18774,2e+05,250000,225000,11.9846596356663
"853",56,2,"$170,000-$179,999",18774,170000,180000,175000,9.3214019388516
"854",30,1,"$40,000 - $49,999",24755,40000,50000,45000,1.81781458291254
"855",70,2,"$200,000-$249,999",12486,2e+05,250000,225000,18.0201826045171
"856",58,1,"$190,000-$199,999",12486,190000,2e+05,195000,15.6174915905815
"857",34,3,"$150,000-$159,999",29854,150000,160000,155000,5.19193407918537
"858",43,6,"$300,000-$349,999",16072,3e+05,350000,325000,20.2215032354405
"859",36,4,"$150,000-$159,999",16072,150000,160000,155000,9.64410154305625
"860",66,2,"$160,000-$169,999",18774,160000,170000,165000,8.78875039948865
"861",65,3,"$250,000-$299,999",16072,250000,3e+05,275000,17.1105027376804
"862",51,3,"$170,000-$179,999",12486,170000,180000,175000,14.015697581291
"863",29,2,"$150,000-$159,999",12486,150000,160000,155000,12.4139035720006
"864",39,5,"$140,000-$149,999",18774,140000,150000,145000,7.72344732076276
"865",32,2,"$180,000-$189,999",12486,180000,190000,185000,14.8165945859362
"866",84,1,"$180,000-$189,999",29854,180000,190000,185000,6.19682454612447
"867",75,4,"$190,000-$199,999",24755,190000,2e+05,195000,7.87719652595435
"868",42,2,"$150,000-$159,999",18774,150000,160000,155000,8.25609886012571
"869",59,2,"$180,000-$189,999",24755,180000,190000,185000,7.47323772975157
"870",28,1,"$150,000-$159,999",12486,150000,160000,155000,12.4139035720006
"871",45,4,"$190,000-$199,999",24755,190000,2e+05,195000,7.87719652595435
"872",57,4,"$180,000-$189,999",18774,180000,190000,185000,9.85405347821455
"873",63,2,"$180,000-$189,999",18774,180000,190000,185000,9.85405347821455
"874",72,2,"$250,000-$299,999",16072,250000,3e+05,275000,17.1105027376804
"875",71,1,"$250,000-$299,999",16072,250000,3e+05,275000,17.1105027376804
"876",53,5,"$350,000-$399,999",16072,350000,4e+05,375000,23.3325037332006
"877",35,1,"$450,000-$499,999",16072,450000,5e+05,475000,29.5545047287208
"878",62,2,"$150,000-$159,999",16072,150000,160000,155000,9.64410154305625
"879",55,4,"$150,000-$159,999",18774,150000,160000,155000,8.25609886012571
"880",39,4,"$250,000-$299,999",12486,250000,3e+05,275000,22.0246676277431
"881",59,2,"$190,000-$199,999",18774,190000,2e+05,195000,10.3867050175775
"882",63,2,"$150,000-$159,999",16072,150000,160000,155000,9.64410154305625
"883",46,7,"$400,000-$449,999",18774,4e+05,450000,425000,22.6376904229253
"884",23,1,"$400,000-$449,999",18774,4e+05,450000,425000,22.6376904229253
"885",61,2,"$200,000-$249,999",18774,2e+05,250000,225000,11.9846596356663
"886",59,3,"$190,000-$199,999",18774,190000,2e+05,195000,10.3867050175775
"887",42,2,"$150,000-$159,999",16072,150000,160000,155000,9.64410154305625
"888",38,4,"$200,000-$249,999",14507,2e+05,250000,225000,15.5097539119046
"889",50,2,"$200,000-$249,999",18774,2e+05,250000,225000,11.9846596356663
"890",33,3,"$200,000-$249,999",24755,2e+05,250000,225000,9.08907291456272
"891",59,2,"$150,000-$159,999",18774,150000,160000,155000,8.25609886012571
"892",54,1,"$150,000-$159,999",16072,150000,160000,155000,9.64410154305625
"893",43,4,"$150,000-$159,999",12486,150000,160000,155000,12.4139035720006
"894",52,4,"$160,000-$169,999",24755,160000,170000,165000,6.66532013734599
"895",26,3,"$300,000-$349,999",12486,3e+05,350000,325000,26.0291526509691
"896",49,6,"$180,000-$189,999",18774,180000,190000,185000,9.85405347821455
"897",64,2,"$200,000-$249,999",12486,2e+05,250000,225000,18.0201826045171
"898",72,2,"$150,000-$159,999",12486,150000,160000,155000,12.4139035720006
"899",21,7,"$190,000-$199,999",12486,190000,2e+05,195000,15.6174915905815
"900",31,4,"$150,000-$159,999",12486,150000,160000,155000,12.4139035720006
"901",64,1,"$200,000-$249,999",12486,2e+05,250000,225000,18.0201826045171
"902",54,2,"$250,000-$299,999",16072,250000,3e+05,275000,17.1105027376804
"903",44,2,"$180,000-$189,999",16072,180000,190000,185000,11.5107018417123
"904",61,2,"$170,000-$179,999",12486,170000,180000,175000,14.015697581291
"905",44,2,"$170,000-$179,999",24755,170000,180000,175000,7.06927893354878
"906",44,2,"$180,000-$189,999",24755,180000,190000,185000,7.47323772975157
"907",64,3,"$160,000-$169,999",16072,160000,170000,165000,10.2663016426083
"908",24,4,"$150,000-$159,999",16072,150000,160000,155000,9.64410154305625
"909",52,3,"$250,000-$299,999",12486,250000,3e+05,275000,22.0246676277431
"910",50,5,"$250,000-$299,999",12486,250000,3e+05,275000,22.0246676277431
"911",70,1,"$200,000-$249,999",18774,2e+05,250000,225000,11.9846596356663
"912",33,3,"$350,000-$399,999",16072,350000,4e+05,375000,23.3325037332006
"913",46,4,"$180,000-$189,999",18774,180000,190000,185000,9.85405347821455
"914",22,3,"$250,000-$299,999",16072,250000,3e+05,275000,17.1105027376804
"915",61,1,"$150,000-$159,999",24755,150000,160000,155000,6.2613613411432
"916",54,1,"$170,000-$179,999",29854,170000,180000,175000,5.86186105714477
"917",68,2,"$200,000-$249,999",16072,2e+05,250000,225000,13.9995022399204
"918",37,5,"$170,000-$179,999",24755,170000,180000,175000,7.06927893354878
"919",52,4,"$170,000-$179,999",18774,170000,180000,175000,9.3214019388516
"920",72,2,"$200,000-$249,999",18774,2e+05,250000,225000,11.9846596356663
"921",38,2,"$200,000-$249,999",18774,2e+05,250000,225000,11.9846596356663
"922",38,4,"$170,000-$179,999",18774,170000,180000,175000,9.3214019388516
"923",41,7,"$180,000-$189,999",24755,180000,190000,185000,7.47323772975157
"924",68,3,"$200,000-$249,999",18774,2e+05,250000,225000,11.9846596356663
"925",25,4,"$250,000-$299,999",16072,250000,3e+05,275000,17.1105027376804
"926",74,2,"$150,000-$159,999",12486,150000,160000,155000,12.4139035720006
"927",45,4,"$200,000-$249,999",12486,2e+05,250000,225000,18.0201826045171
"928",37,4,"$170,000-$179,999",16072,170000,180000,175000,10.8885017421603
"929",76,2,"$200,000-$249,999",16072,2e+05,250000,225000,13.9995022399204
"930",49,3,"$200,000-$249,999",16072,2e+05,250000,225000,13.9995022399204
"931",44,4,"$150,000-$159,999",16072,150000,160000,155000,9.64410154305625
"932",28,2,"$200,000-$249,999",12486,2e+05,250000,225000,18.0201826045171
"933",18,5,"$180,000-$189,999",18774,180000,190000,185000,9.85405347821455
"934",60,1,"$180,000-$189,999",24755,180000,190000,185000,7.47323772975157
"935",70,2,"$170,000-$179,999",16072,170000,180000,175000,10.8885017421603
"936",66,2,"$200,000-$249,999",44188,2e+05,250000,225000,5.09188014845659
"937",34,2,"$200,000-$249,999",16072,2e+05,250000,225000,13.9995022399204
"938",68,2,"$170,000-$179,999",12486,170000,180000,175000,14.015697581291
"939",70,2,"$150,000-$159,999",16072,150000,160000,155000,9.64410154305625
"940",68,2,"$200,000-$249,999",12486,2e+05,250000,225000,18.0201826045171
"941",75,2,"$160,000-$169,999",12486,160000,170000,165000,13.2148005766458
"942",59,2,"$180,000-$189,999",24755,180000,190000,185000,7.47323772975157
"943",20,5,"$150,000-$159,999",18774,150000,160000,155000,8.25609886012571
"944",28,1,"$150,000-$159,999",16072,150000,160000,155000,9.64410154305625
"945",19,4,"$150,000-$159,999",18774,150000,160000,155000,8.25609886012571
"946",56,2,"$250,000-$299,999",24755,250000,3e+05,275000,11.1088668955767
"947",21,7,"$350,000-$399,999",18774,350000,4e+05,375000,19.9744327261106
"948",45,6,"$250,000-$299,999",16072,250000,3e+05,275000,17.1105027376804
"949",71,2,"$200,000-$249,999",18774,2e+05,250000,225000,11.9846596356663
"950",64,4,"$180,000-$189,999",16072,180000,190000,185000,11.5107018417123
"951",64,2,"$150,000-$159,999",16072,150000,160000,155000,9.64410154305625
"952",38,3,"$200,000-$249,999",12486,2e+05,250000,225000,18.0201826045171
"953",46,8,"$190,000-$199,999",16072,190000,2e+05,195000,12.1329019412643
"954",46,1,"$250,000-$299,999",29854,250000,3e+05,275000,9.21149594694178
"955",43,2,"$200,000-$249,999",16072,2e+05,250000,225000,13.9995022399204
"956",39,2,"$250,000-$299,999",29854,250000,3e+05,275000,9.21149594694178
"957",73,2,"$160,000-$169,999",16072,160000,170000,165000,10.2663016426083
"958",47,4,"$350,000-$399,999",12486,350000,4e+05,375000,30.0336376741951
"959",42,4,"$200,000-$249,999",18774,2e+05,250000,225000,11.9846596356663
"960",19,5,"$250,000-$299,999",18774,250000,3e+05,275000,14.6479173324811
"961",30,6,"$190,000-$199,999",18774,190000,2e+05,195000,10.3867050175775
"962",66,2,"$200,000-$249,999",16072,2e+05,250000,225000,13.9995022399204
"963",53,4,"$150,000-$159,999",12486,150000,160000,155000,12.4139035720006
"964",37,4,"$350,000-$399,999",24755,350000,4e+05,375000,15.1484548576045
"966",53,2,"$190,000-$199,999",18774,190000,2e+05,195000,10.3867050175775
"967",57,2,"$400,000-$449,999",16072,4e+05,450000,425000,26.4435042309607
"968",46,5,"$180,000-$189,999",16072,180000,190000,185000,11.5107018417123
"969",46,4,"$300,000-$349,999",29854,3e+05,350000,325000,10.8863133918403
"970",58,3,"$160,000-$169,999",18774,160000,170000,165000,8.78875039948865
"971",52,4,"$250,000-$299,999",12486,250000,3e+05,275000,22.0246676277431
"972",29,6,"$30,000 - $39,999",18774,30000,40000,35000,1.86428038777032
"973",30,2,"$160,000-$169,999",18774,160000,170000,165000,8.78875039948865
"974",28,5,"$300,000-$349,999",18774,3e+05,350000,325000,17.3111750292958
"975",48,4,"$250,000-$299,999",12486,250000,3e+05,275000,22.0246676277431
"976",37,2,"$180,000-$189,999",24755,180000,190000,185000,7.47323772975157
"977",42,5,"$450,000-$499,999",24755,450000,5e+05,475000,19.1880428196324
"978",30,3,"$170,000-$179,999",24755,170000,180000,175000,7.06927893354878
"979",48,3,"$190,000-$199,999",12486,190000,2e+05,195000,15.6174915905815
"980",20,4,"$150,000-$159,999",18774,150000,160000,155000,8.25609886012571
"981",52,4,"$200,000-$249,999",18774,2e+05,250000,225000,11.9846596356663
"982",19,4,"$200,000-$249,999",12486,2e+05,250000,225000,18.0201826045171
"983",37,6,"$200,000-$249,999",16072,2e+05,250000,225000,13.9995022399204
"984",18,3,"$300,000-$349,999",34337,3e+05,350000,325000,9.46500859131549
"985",18,2,"$150,000-$159,999",18774,150000,160000,155000,8.25609886012571
"986",35,4,"$190,000-$199,999",16072,190000,2e+05,195000,12.1329019412643
"987",58,4,"$200,000-$249,999",24755,2e+05,250000,225000,9.08907291456272
"988",29,1,"$150,000-$159,999",24755,150000,160000,155000,6.2613613411432
"989",29,5,"$190,000-$199,999",29854,190000,2e+05,195000,6.53178803510417
"990",18,6,"$200,000-$249,999",16072,2e+05,250000,225000,13.9995022399204
"992",39,3,"$150,000-$159,999",18774,150000,160000,155000,8.25609886012571
"993",35,4,"$200,000-$249,999",12486,2e+05,250000,225000,18.0201826045171
"994",57,4,"$160,000-$169,999",29854,160000,170000,165000,5.52689756816507
"995",74,2,"$160,000-$169,999",18774,160000,170000,165000,8.78875039948865
"996",40,5,"$190,000-$199,999",16072,190000,2e+05,195000,12.1329019412643
"997",44,4,"$200,000-$249,999",18774,2e+05,250000,225000,11.9846596356663
"998",74,3,"$170,000-$179,999",29854,170000,180000,175000,5.86186105714477
"999",31,1,"$200,000-$249,999",12486,2e+05,250000,225000,18.0201826045171
"1001",40,4,"$140,000-$149,999",16072,140000,150000,145000,9.02190144350423
"1002",58,2,"$190,000-$199,999",16072,190000,2e+05,195000,12.1329019412643
"1004",70,2,"$170,000-$179,999",24755,170000,180000,175000,7.06927893354878
"1005",38,2,"$150,000-$159,999",12486,150000,160000,155000,12.4139035720006
"1006",25,3,"$300,000-$349,999",29854,3e+05,350000,325000,10.8863133918403
"1007",48,3,"$200,000-$249,999",12486,2e+05,250000,225000,18.0201826045171
"1008",37,4,"$200,000-$249,999",12486,2e+05,250000,225000,18.0201826045171
"1010",57,2,"$200,000-$249,999",18774,2e+05,250000,225000,11.9846596356663
"1012",34,1,"$40,000 - $49,999",18774,40000,50000,45000,2.39693192713327
"1013",19,3,"$180,000-$189,999",18774,180000,190000,185000,9.85405347821455
"1014",67,2,"$200,000-$249,999",29854,2e+05,250000,225000,7.53667850204328
"1015",48,3,"$250,000-$299,999",18774,250000,3e+05,275000,14.6479173324811
"1016",50,2,"$250,000-$299,999",18774,250000,3e+05,275000,14.6479173324811
"1017",51,4,"$200,000-$249,999",24755,2e+05,250000,225000,9.08907291456272
"1018",45,2,"$200,000-$249,999",18774,2e+05,250000,225000,11.9846596356663
"1020",36,4,"$300,000-$349,999",18774,3e+05,350000,325000,17.3111750292958
"1021",32,6,"$350,000-$399,999",16072,350000,4e+05,375000,23.3325037332006
"1022",36,4,"$350,000-$399,999",12486,350000,4e+05,375000,30.0336376741951
"1023",44,2,"$250,000-$299,999",24755,250000,3e+05,275000,11.1088668955767
"1024",56,2,"$450,000-$499,999",16072,450000,5e+05,475000,29.5545047287208
"1025",73,2,"$250,000-$299,999",18774,250000,3e+05,275000,14.6479173324811
"1026",36,3,"$350,000-$399,999",16072,350000,4e+05,375000,23.3325037332006
"1027",48,4,"$500,000-$999,999",16072,5e+05,1e+06,750000,46.6650074664012
"1028",73,2,"$500,000-$999,999",16072,5e+05,1e+06,750000,46.6650074664012
"1029",55,2,"$200,000-$249,999",16072,2e+05,250000,225000,13.9995022399204
"1030",55,2,"$350,000-$399,999",12486,350000,4e+05,375000,30.0336376741951
"1031",28,3,"$250,000-$299,999",24755,250000,3e+05,275000,11.1088668955767
"1032",46,1,"$250,000-$299,999",18774,250000,3e+05,275000,14.6479173324811
"1033",61,2,"$250,000-$299,999",18774,250000,3e+05,275000,14.6479173324811
"1034",28,2,"$300,000-$349,999",16072,3e+05,350000,325000,20.2215032354405
"1035",51,3,"$200,000-$249,999",18774,2e+05,250000,225000,11.9846596356663
"1036",56,1,"$500,000-$999,999",18774,5e+05,1e+06,750000,39.9488654522212
"1037",57,1,"$200,000-$249,999",12486,2e+05,250000,225000,18.0201826045171
"1038",44,2,"$250,000-$299,999",18774,250000,3e+05,275000,14.6479173324811
"1039",43,4,"$300,000-$349,999",14507,3e+05,350000,325000,22.4029778727511
"1040",19,4,"$180,000-$189,999",16072,180000,190000,185000,11.5107018417123
"1041",31,7,"$150,000-$159,999",12486,150000,160000,155000,12.4139035720006
"1042",34,6,"$250,000-$299,999",18774,250000,3e+05,275000,14.6479173324811
"1043",30,4,"$60,000 - $69,999",12486,60000,70000,65000,5.20583053019382
"1044",20,4,"$10,000 - $19,999",16072,10000,20000,5000,0.311100049776008
"1045",36,3,"$20,000 - $29,999",29854,20000,30000,25000,0.837408722449253
"1046",47,6,"$70,000 - $79,999",24755,70000,80000,75000,3.02969097152091
"1047",57,2,"$40,000 - $49,999",29854,40000,50000,45000,1.50733570040866
"1048",48,3,"$40,000 - $49,999",12486,40000,50000,45000,3.60403652090341
"1049",34,4,"$90,000 - $99,999",16072,90000,1e+05,95000,5.91090094574415
"1050",45,2,"$80,000 - $89,999",12486,80000,90000,85000,6.80762453948422
"1051",56,3,"$80,000 - $89,999",12486,80000,90000,85000,6.80762453948422
"1052",41,4,"$40,000 - $49,999",29854,40000,50000,45000,1.50733570040866
"1053",65,1,"$10,000 - $19,999",16072,10000,20000,5000,0.311100049776008
"1054",58,3,"$50,000 - $59,999",16072,50000,60000,55000,3.42210054753609
"1055",60,2,"$10,000 - $19,999",12486,10000,20000,5000,0.400448502322601
"1056",69,1,"$10,000 - $19,999",16072,10000,20000,5000,0.311100049776008
"1058",27,2,"$50,000 - $59,999",24755,50000,60000,55000,2.22177337911533
"1059",27,1,"$50,000 - $59,999",12486,50000,60000,55000,4.40493352554861
"1060",35,1,"$40,000 - $49,999",24755,40000,50000,45000,1.81781458291254
"1061",38,6,"$200,000-$249,999",18774,2e+05,250000,225000,11.9846596356663
"1062",23,3,"$170,000-$179,999",16072,170000,180000,175000,10.8885017421603
"1063",54,3,"$120,000-$129,999",18774,120000,130000,125000,6.65814424203686
"1064",42,2,"$140,000-$149,999",24755,140000,150000,145000,5.85740254494042
"1065",33,4,"$300,000-$349,999",12486,3e+05,350000,325000,26.0291526509691
"1066",60,1,"$20,000 - $29,999",12486,20000,30000,25000,2.00224251161301
"1067",45,3,"$60,000 - $69,999",29854,60000,70000,65000,2.17726267836806
"1068",74,2,"$60,000 - $69,999",16072,60000,70000,65000,4.0443006470881
"1069",71,2,"$250,000-$299,999",16072,250000,3e+05,275000,17.1105027376804
"1070",18,5,"$150,000-$159,999",18774,150000,160000,155000,8.25609886012571
"1071",52,1,"$250,000-$299,999",16072,250000,3e+05,275000,17.1105027376804
"1072",27,2,"$200,000-$249,999",12486,2e+05,250000,225000,18.0201826045171
"1073",43,4,"$160,000-$169,999",12486,160000,170000,165000,13.2148005766458
"1075",24,4,"$500,000-$999,999",12486,5e+05,1e+06,750000,60.0672753483902
"1076",25,4,"$350,000-$399,999",29854,350000,4e+05,375000,12.5611308367388
"1077",44,3,"$200,000-$249,999",24755,2e+05,250000,225000,9.08907291456272
"1078",50,6,"$200,000-$249,999",18774,2e+05,250000,225000,11.9846596356663
"1079",61,2,"$170,000-$179,999",24755,170000,180000,175000,7.06927893354878
"1080",36,3,"$180,000-$189,999",12486,180000,190000,185000,14.8165945859362
"1081",59,1,"$200,000-$249,999",24755,2e+05,250000,225000,9.08907291456272
"1082",61,2,"$180,000-$189,999",18774,180000,190000,185000,9.85405347821455
"1083",71,2,"$250,000-$299,999",18774,250000,3e+05,275000,14.6479173324811
"1084",18,4,"$200,000-$249,999",16072,2e+05,250000,225000,13.9995022399204
"1085",19,3,"$250,000-$299,999",16072,250000,3e+05,275000,17.1105027376804
"1086",18,3,"$500,000-$999,999",16072,5e+05,1e+06,750000,46.6650074664012
"1087",50,2,"$300,000-$349,999",16072,3e+05,350000,325000,20.2215032354405
"1088",30,2,"$200,000-$249,999",16072,2e+05,250000,225000,13.9995022399204
"1089",41,4,"$500,000-$999,999",18774,5e+05,1e+06,750000,39.9488654522212
"1090",58,4,"$200,000-$249,999",12486,2e+05,250000,225000,18.0201826045171
"1091",35,4,"$250,000-$299,999",18774,250000,3e+05,275000,14.6479173324811
"1092",19,5,"$200,000-$249,999",16072,2e+05,250000,225000,13.9995022399204
"1094",62,2,"$250,000-$299,999",18774,250000,3e+05,275000,14.6479173324811
"1095",56,2,"$200,000-$249,999",18774,2e+05,250000,225000,11.9846596356663
"1096",43,6,"$200,000-$249,999",18774,2e+05,250000,225000,11.9846596356663
"1097",60,3,"$200,000-$249,999",16072,2e+05,250000,225000,13.9995022399204
"1098",68,2,"$250,000-$299,999",14507,250000,3e+05,275000,18.9563658923278
"1099",43,3,"$200,000-$249,999",18774,2e+05,250000,225000,11.9846596356663
"1100",73,2,"$200,000-$249,999",24755,2e+05,250000,225000,9.08907291456272
